track_name,album_name,key,mode,tempo,energy,danceability,duration_min,time_signature,valence,acousticness,instrumentalness,liveness,loudness,speechiness,release_date,album_id
Welcome To New York (Taylor's Version),1989 (Taylor's Version) [Deluxe],G,Major,116.998,61.0,75.7,3.5433333333333334,4/4,68.5,0.942,0.00366,36.7,-4.84,3.27,2023-10-27,1o59UpKw81iHR0HPiSkJR0
Blank Space (Taylor's Version),1989 (Taylor's Version) [Deluxe],C,Major,96.057,73.3,73.3,3.8638833333333333,4/4,70.1,8.85,0.0,16.8,-5.376,6.7,2023-10-27,1o59UpKw81iHR0HPiSkJR0
Style (Taylor's Version),1989 (Taylor's Version) [Deluxe],B,Minor,94.868,82.19999999999999,51.1,3.85,4/4,30.5,0.0421,1.97,8.99,-4.785,3.9699999999999998,2023-10-27,1o59UpKw81iHR0HPiSkJR0
Out Of The Woods (Taylor's Version),1989 (Taylor's Version) [Deluxe],C,Major,92.021,88.5,54.50000000000001,3.93,4/4,20.599999999999998,0.053700000000000005,0.0055899999999999995,38.5,-5.968,4.47,2023-10-27,1o59UpKw81iHR0HPiSkJR0
All You Had To Do Was Stay (Taylor's Version),1989 (Taylor's Version) [Deluxe],C,Major,96.997,72.1,58.8,3.2214833333333335,4/4,52.0,0.0656,0.0,13.100000000000001,-5.579,3.17,2023-10-27,1o59UpKw81iHR0HPiSkJR0
Shake It Off (Taylor's Version),1989 (Taylor's Version) [Deluxe],G,Major,160.058,80.80000000000001,63.6,3.6534833333333334,4/4,91.7,1.21,0.00218,35.9,-5.693,7.290000000000001,2023-10-27,1o59UpKw81iHR0HPiSkJR0
I Wish You Would (Taylor's Version),1989 (Taylor's Version) [Deluxe],C,Major,118.009,85.8,67.0,3.4608333333333334,4/4,53.900000000000006,0.35400000000000004,0.00125,6.87,-6.528,4.390000000000001,2023-10-27,1o59UpKw81iHR0HPiSkJR0
Bad Blood (Taylor's Version),1989 (Taylor's Version) [Deluxe],G,Major,169.971,68.30000000000001,61.8,3.5184,4/4,36.3,3.62,0.0,30.5,-6.438,19.400000000000002,2023-10-27,1o59UpKw81iHR0HPiSkJR0
Wildest Dreams (Taylor's Version),1989 (Taylor's Version) [Deluxe],Ab,Major,139.985,67.4,58.9,3.6738833333333334,4/4,51.4,4.36,0.00718,11.200000000000001,-7.48,6.5600000000000005,2023-10-27,1o59UpKw81iHR0HPiSkJR0
How You Get The Girl (Taylor's Version),1989 (Taylor's Version) [Deluxe],F,Major,119.997,69.1,75.8,4.12555,4/4,53.800000000000004,0.196,0.00109,9.39,-5.798,5.1499999999999995,2023-10-27,1o59UpKw81iHR0HPiSkJR0
This Love (Taylor’s Version),1989 (Taylor's Version) [Deluxe],C#,Minor,144.071,50.9,47.099999999999994,4.168333333333333,4/4,5.67,31.6,0.0,6.7299999999999995,-8.796,3.55,2023-10-27,1o59UpKw81iHR0HPiSkJR0
I Know Places (Taylor's Version),1989 (Taylor's Version) [Deluxe],C,Major,160.027,78.8,58.199999999999996,3.2616666666666667,4/4,65.2,9.99,0.0,11.5,-5.358,4.45,2023-10-27,1o59UpKw81iHR0HPiSkJR0
Clean (Taylor's Version),1989 (Taylor's Version) [Deluxe],E,Major,103.955,39.1,77.2,4.516666666666667,4/4,25.8,25.0,0.0029200000000000003,9.81,-8.892,2.93,2023-10-27,1o59UpKw81iHR0HPiSkJR0
Wonderland (Taylor's Version),1989 (Taylor's Version) [Deluxe],Eb,Major,183.892,70.5,46.400000000000006,4.092783333333333,4/4,38.5,0.976,0.00261,20.9,-5.97,4.34,2023-10-27,1o59UpKw81iHR0HPiSkJR0
You Are In Love (Taylor's Version),1989 (Taylor's Version) [Deluxe],A,Major,84.68,49.8,36.3,4.456483333333333,4/4,47.699999999999996,61.0,0.00039099999999999996,11.200000000000001,-9.473,7.55,2023-10-27,1o59UpKw81iHR0HPiSkJR0
New Romantics (Taylor's Version),1989 (Taylor's Version) [Deluxe],F,Major,121.978,84.6,64.9,3.8363,4/4,69.8,0.675,0.000463,8.24,-5.958,6.02,2023-10-27,1o59UpKw81iHR0HPiSkJR0
"""Slut!"" (Taylor's Version) (From The Vault)",1989 (Taylor's Version) [Deluxe],D,Major,155.875,41.199999999999996,59.099999999999994,3.00635,4/4,32.800000000000004,30.9,0.0199,6.08,-13.27,8.63,2023-10-27,1o59UpKw81iHR0HPiSkJR0
Say Don't Go (Taylor's Version) (From The Vault),1989 (Taylor's Version) [Deluxe],E,Major,109.95,55.1,63.3,4.663883333333334,4/4,16.400000000000002,6.6000000000000005,0.0009939999999999999,12.7,-8.297,3.4099999999999997,2023-10-27,1o59UpKw81iHR0HPiSkJR0
Now That We Don't Talk (Taylor's Version) (From The Vault),1989 (Taylor's Version) [Deluxe],C,Major,110.013,50.1,80.0,2.4406166666666667,4/4,8.309999999999999,16.0,0.0071400000000000005,8.74,-9.332,3.4000000000000004,2023-10-27,1o59UpKw81iHR0HPiSkJR0
Suburban Legends (Taylor's Version) (From The Vault),1989 (Taylor's Version) [Deluxe],C,Major,118.036,62.5,70.1,2.86365,4/4,32.300000000000004,20.7,0.0,10.5,-8.804,3.5999999999999996,2023-10-27,1o59UpKw81iHR0HPiSkJR0
Mine (Taylor's Version),Speak Now (Taylor's Version),G,Major,121.08,78.3,64.60000000000001,3.8617833333333333,4/4,49.0,0.44400000000000006,0.000138,17.1,-2.846,3.56,2023-07-07,5AEDGbliTTfjOB8TSm1sxt
Sparks Fly (Taylor’s Version),Speak Now (Taylor's Version),F,Major,114.991,75.8,58.8,4.35385,4/4,38.7,2.5100000000000002,0.0,13.100000000000001,-2.347,3.05,2023-07-07,5AEDGbliTTfjOB8TSm1sxt
Back To December (Taylor's Version),Speak Now (Taylor's Version),D,Major,142.063,63.5,49.7,4.9031666666666665,4/4,20.3,0.621,0.0,11.700000000000001,-3.927,2.73,2023-07-07,5AEDGbliTTfjOB8TSm1sxt
Speak Now (Taylor's Version),Speak Now (Taylor's Version),G,Major,118.995,67.7,72.7,4.041216666666666,4/4,63.9,24.8,0.0,14.299999999999999,-2.871,3.25,2023-07-07,5AEDGbliTTfjOB8TSm1sxt
Dear John (Taylor's Version),Speak Now (Taylor's Version),E,Major,119.294,47.0,41.9,6.765116666666667,3/4,13.3,2.36,0.0,16.3,-5.016,2.96,2023-07-07,5AEDGbliTTfjOB8TSm1sxt
Mean (Taylor's Version),Speak Now (Taylor's Version),E,Major,163.874,69.19999999999999,52.400000000000006,3.9782166666666665,4/4,62.1,31.1,0.0,19.2,-3.866,3.6900000000000004,2023-07-07,5AEDGbliTTfjOB8TSm1sxt
The Story Of Us (Taylor's Version),Speak Now (Taylor's Version),E,Major,139.846,78.10000000000001,51.5,4.460883333333333,4/4,56.99999999999999,0.192,0.0,5.4,-2.608,5.35,2023-07-07,5AEDGbliTTfjOB8TSm1sxt
Never Grow Up (Taylor's Version),Speak Now (Taylor's Version),D,Major,125.058,32.300000000000004,68.5,4.882,4/4,56.89999999999999,85.1,0.0,19.8,-7.103,2.8899999999999997,2023-07-07,5AEDGbliTTfjOB8TSm1sxt
Enchanted (Taylor's Version),Speak Now (Taylor's Version),Ab,Major,81.907,53.2,50.5,5.88755,4/4,21.6,1.2,0.0,14.899999999999999,-3.526,2.65,2023-07-07,5AEDGbliTTfjOB8TSm1sxt
Better Than Revenge (Taylor's Version),Speak Now (Taylor's Version),B,Minor,145.863,88.5,49.6,3.6717833333333334,4/4,66.5,0.0886,0.0,19.1,-2.969,8.03,2023-07-07,5AEDGbliTTfjOB8TSm1sxt
Innocent (Taylor's Version),Speak Now (Taylor's Version),C#,Minor,133.627,59.8,52.2,5.020366666666667,4/4,14.899999999999999,10.100000000000001,0.0,15.2,-5.327,2.8400000000000003,2023-07-07,5AEDGbliTTfjOB8TSm1sxt
Haunted (Taylor's Version),Speak Now (Taylor's Version),F,Major,162.201,91.5,42.699999999999996,4.090216666666667,4/4,35.5,0.6669999999999999,0.0,22.1,-1.909,6.1899999999999995,2023-07-07,5AEDGbliTTfjOB8TSm1sxt
Last Kiss (Taylor's Version),Speak Now (Taylor's Version),Bb,Major,79.401,36.6,55.00000000000001,6.152,3/4,16.0,44.7,0.000443,10.100000000000001,-8.46,2.76,2023-07-07,5AEDGbliTTfjOB8TSm1sxt
Long Live (Taylor's Version),Speak Now (Taylor's Version),C,Major,203.89,65.0,37.5,5.299333333333333,4/4,7.5200000000000005,1.22,0.0,18.9,-4.031,4.02,2023-07-07,5AEDGbliTTfjOB8TSm1sxt
Ours (Taylor’s Version),Speak Now (Taylor's Version),C,Major,159.813,48.8,53.5,3.93005,4/4,34.8,44.9,0.0,11.1,-8.261,2.78,2023-07-07,5AEDGbliTTfjOB8TSm1sxt
Superman (Taylor’s Version),Speak Now (Taylor's Version),G,Major,131.93,74.2,53.300000000000004,4.582416666666667,4/4,35.6,0.31,0.0,10.8,-3.473,3.0300000000000002,2023-07-07,5AEDGbliTTfjOB8TSm1sxt
Electric Touch (feat. Fall Out Boy) (Taylor’s Version) (From The Vault),Speak Now (Taylor's Version),G,Major,131.073,85.5,54.7,4.441116666666667,4/4,28.199999999999996,1.6400000000000001,0.0,14.399999999999999,-4.7,5.970000000000001,2023-07-07,5AEDGbliTTfjOB8TSm1sxt
When Emma Falls in Love (Taylor’s Version) (From The Vault),Speak Now (Taylor's Version),D,Major,78.133,76.3,47.4,4.206433333333333,4/4,23.1,15.9,0.0,13.8,-4.632,5.050000000000001,2023-07-07,5AEDGbliTTfjOB8TSm1sxt
I Can See You (Taylor’s Version) (From The Vault),Speak Now (Taylor's Version),F#,Major,123.044,76.4,69.39999999999999,4.5531,4/4,81.89999999999999,5.86,0.0,6.08,-4.893,3.37,2023-07-07,5AEDGbliTTfjOB8TSm1sxt
Castles Crumbling (feat. Hayley Williams) (Taylor’s Version) (From The Vault),Speak Now (Taylor's Version),G,Major,147.803,56.99999999999999,57.599999999999994,5.1010333333333335,4/4,37.8,36.199999999999996,0.0,6.68,-7.925,4.34,2023-07-07,5AEDGbliTTfjOB8TSm1sxt
Lavender Haze,Midnights (The Til Dawn Edition),G,Minor,97.043,45.4,73.5,3.373266666666667,4/4,7.51,23.599999999999998,0.11299999999999999,13.3,-10.516,8.76,2023-05-26,1fnJ7k0bllNfL1kVdNVW1A
Maroon,Midnights (The Til Dawn Edition),G,Major,108.055,39.7,65.0,3.63785,4/4,3.82,6.09,0.00014,8.9,-8.237,3.65,2023-05-26,1fnJ7k0bllNfL1kVdNVW1A
Anti-Hero,Midnights (The Til Dawn Edition),E,Major,96.935,64.9,63.7,3.3448333333333333,4/4,49.7,11.5,0.000122,14.7,-6.59,5.84,2023-05-26,1fnJ7k0bllNfL1kVdNVW1A
Snow On The Beach (feat. Lana Del Rey),Midnights (The Til Dawn Edition),A,Major,110.014,33.1,65.3,4.2687333333333335,4/4,16.6,70.5,0.13,11.600000000000001,-13.534,3.9,2023-05-26,1fnJ7k0bllNfL1kVdNVW1A
"You're On Your Own, Kid",Midnights (The Til Dawn Edition),D,Major,120.044,38.6,69.39999999999999,3.2367833333333333,4/4,39.0,42.3,0.00105,12.6,-10.312,5.970000000000001,2023-05-26,1fnJ7k0bllNfL1kVdNVW1A
Midnight Rain,Midnights (The Til Dawn Edition),C,Major,140.15,37.2,65.4,2.91305,4/4,19.8,70.5,0.00678,11.4,-11.704,6.67,2023-05-26,1fnJ7k0bllNfL1kVdNVW1A
Question...?,Midnights (The Til Dawn Edition),G,Major,108.978,50.9,74.1,3.5092833333333333,4/4,11.3,20.5,0.0,26.200000000000003,-8.747,19.0,2023-05-26,1fnJ7k0bllNfL1kVdNVW1A
Vigilante Shit,Midnights (The Til Dawn Edition),E,Minor,79.962,27.200000000000003,86.7,2.7466833333333334,4/4,15.7,15.7,0.00342,11.799999999999999,-11.014,36.3,2023-05-26,1fnJ7k0bllNfL1kVdNVW1A
Bejeweled,Midnights (The Til Dawn Edition),G,Major,164.0,54.6,69.5,3.2361,4/4,42.5,6.4799999999999995,0.012799999999999999,8.83,-9.184,6.6000000000000005,2023-05-26,1fnJ7k0bllNfL1kVdNVW1A
Labyrinth,Midnights (The Til Dawn Edition),C,Major,109.993,30.8,49.3,4.1327,4/4,13.0,80.4,32.800000000000004,12.3,-15.489,4.36,2023-05-26,1fnJ7k0bllNfL1kVdNVW1A
Karma,Midnights (The Til Dawn Edition),Ab,Major,90.034,61.4,64.7,3.4142,4/4,9.56,7.82,0.0,61.1,-7.091,6.510000000000001,2023-05-26,1fnJ7k0bllNfL1kVdNVW1A
Sweet Nothing,Midnights (The Til Dawn Edition),C,Major,175.917,16.6,33.5,3.1416166666666667,4/4,39.1,96.7,0.012,11.5,-14.958,4.8,2023-05-26,1fnJ7k0bllNfL1kVdNVW1A
Mastermind,Midnights (The Til Dawn Edition),E,Major,125.977,34.5,66.10000000000001,3.1839833333333334,4/4,12.6,54.50000000000001,0.0915,8.709999999999999,-14.037,14.399999999999999,2023-05-26,1fnJ7k0bllNfL1kVdNVW1A
The Great War,Midnights (The Til Dawn Edition),F,Major,96.009,73.7,57.3,4.005933333333333,4/4,59.199999999999996,20.3,0.0027800000000000004,8.51,-9.002,3.52,2023-05-26,1fnJ7k0bllNfL1kVdNVW1A
Bigger Than The Whole Sky,Midnights (The Til Dawn Edition),F#,Major,82.951,22.0,48.0,3.6417166666666665,4/4,6.329999999999999,83.7,0.269,11.600000000000001,-12.469,4.25,2023-05-26,1fnJ7k0bllNfL1kVdNVW1A
Paris,Midnights (The Til Dawn Edition),G,Major,110.963,49.8,69.1,3.270983333333333,4/4,45.4,11.600000000000001,0.0030700000000000002,13.600000000000001,-10.519,10.100000000000001,2023-05-26,1fnJ7k0bllNfL1kVdNVW1A
High Infidelity,Midnights (The Til Dawn Edition),Bb,Major,176.082,54.50000000000001,56.39999999999999,3.8579166666666667,4/4,76.6,72.6,0.0,8.780000000000001,-10.17,10.4,2023-05-26,1fnJ7k0bllNfL1kVdNVW1A
Glitch,Midnights (The Til Dawn Edition),B,Minor,140.845,45.1,67.7,2.4796833333333335,4/4,39.900000000000006,31.8,0.0,11.0,-9.744,19.0,2023-05-26,1fnJ7k0bllNfL1kVdNVW1A
"Would've, Could've, Should've",Midnights (The Til Dawn Edition),C,Major,157.96,83.7,48.199999999999996,4.339366666666667,4/4,53.400000000000006,43.5,0.147,12.3,-6.501,12.0,2023-05-26,1fnJ7k0bllNfL1kVdNVW1A
Dear Reader,Midnights (The Til Dawn Edition),C,Major,107.601,38.6,47.5,3.753233333333333,4/4,16.2,49.7,0.104,11.899999999999999,-12.038,7.37,2023-05-26,1fnJ7k0bllNfL1kVdNVW1A
State Of Grace (Taylor's Version),Red (Taylor's Version),A,Major,129.958,71.3,59.4,4.92355,4/4,32.800000000000004,0.0328,0.0,11.4,-5.314,5.029999999999999,2021-11-12,6kZ42qRrzov54LcAk4onW9
Red (Taylor's Version),Red (Taylor's Version),C#,Minor,125.047,77.7,51.6,3.7182166666666667,4/4,40.8,0.108,0.000162,7.61,-4.908,3.75,2021-11-12,6kZ42qRrzov54LcAk4onW9
Treacherous (Taylor's Version),Red (Taylor's Version),D,Major,109.984,59.3,64.5,4.045333333333334,4/4,29.9,3.44,0.0127,13.0,-6.506,2.88,2021-11-12,6kZ42qRrzov54LcAk4onW9
I Knew You Were Trouble (Taylor's Version),Red (Taylor's Version),F#,Major,154.008,55.7,58.4,3.6626666666666665,4/4,76.7,1.29,0.0,5.76,-6.371,3.42,2021-11-12,6kZ42qRrzov54LcAk4onW9
All Too Well (Taylor's Version),Red (Taylor's Version),C,Major,185.972,52.800000000000004,44.0,5.486,4/4,13.200000000000001,1.71,0.203,23.400000000000002,-7.809,3.17,2021-11-12,6kZ42qRrzov54LcAk4onW9
22 (Taylor's Version),Red (Taylor's Version),G,Major,103.984,69.5,64.2,3.8493333333333335,4/4,64.2,0.0443,0.00102,7.53,-5.62,2.81,2021-11-12,6kZ42qRrzov54LcAk4onW9
I Almost Do (Taylor's Version),Red (Taylor's Version),E,Major,145.88,55.900000000000006,51.1,4.07645,4/4,24.8,1.67,0.0,11.3,-6.587,2.64,2021-11-12,6kZ42qRrzov54LcAk4onW9
We Are Never Ever Getting Back Together (Taylor's Version),Red (Taylor's Version),G,Major,172.014,68.60000000000001,56.699999999999996,3.219116666666667,4/4,71.6,3.17,0.000186,7.32,-6.139,17.5,2021-11-12,6kZ42qRrzov54LcAk4onW9
Stay Stay Stay (Taylor's Version),Red (Taylor's Version),C,Major,100.02,68.10000000000001,69.3,3.4297833333333334,4/4,66.3,8.48,0.0,7.68,-7.039,2.5,2021-11-12,6kZ42qRrzov54LcAk4onW9
The Last Time (feat. Gary Lightbody of Snow Patrol) (Taylor’s Version),Red (Taylor's Version),D,Major,94.05,53.400000000000006,50.2,4.984666666666667,4/4,15.5,3.9899999999999998,0.0,9.77,-5.954,2.78,2021-11-12,6kZ42qRrzov54LcAk4onW9
Holy Ground (Taylor's Version),Red (Taylor's Version),A,Major,156.894,80.9,62.2,3.3826666666666667,4/4,51.1,2.88,0.218,10.9,-5.623,6.38,2021-11-12,6kZ42qRrzov54LcAk4onW9
Sad Beautiful Tragic (Taylor's Version),Red (Taylor's Version),G,Major,130.059,40.6,60.099999999999994,4.746216666666666,3/4,23.200000000000003,62.2,0.00919,13.3,-11.827,2.75,2021-11-12,6kZ42qRrzov54LcAk4onW9
The Lucky One (Taylor's Version),Red (Taylor's Version),E,Major,117.889,57.099999999999994,68.60000000000001,4.007783333333333,4/4,53.800000000000004,6.6000000000000005,0.0,6.08,-7.138,5.0,2021-11-12,6kZ42qRrzov54LcAk4onW9
Everything Has Changed (feat. Ed Sheeran) (Taylor’s Version),Red (Taylor's Version),F#,Major,79.918,61.0,49.8,4.09045,4/4,47.4,27.1,0.0,22.3,-5.098,3.63,2021-11-12,6kZ42qRrzov54LcAk4onW9
Starlight (Taylor's Version),Red (Taylor's Version),E,Major,126.014,68.5,62.8,3.67355,4/4,60.5,0.32399999999999995,0.0,18.0,-5.864,3.58,2021-11-12,6kZ42qRrzov54LcAk4onW9
Begin Again (Taylor's Version),Red (Taylor's Version),G,Major,78.915,52.7,51.9,3.981116666666667,4/4,26.700000000000003,7.5,0.0,13.200000000000001,-7.673,2.74,2021-11-12,6kZ42qRrzov54LcAk4onW9
The Moment I Knew (Taylor's Version),Red (Taylor's Version),G,Major,125.952,40.2,63.6,4.754666666666667,4/4,20.8,4.9399999999999995,0.0,10.7,-7.855,3.1,2021-11-12,6kZ42qRrzov54LcAk4onW9
Come Back...Be Here (Taylor's Version),Red (Taylor's Version),E,Major,79.846,63.2,46.0,3.7222166666666667,4/4,39.900000000000006,1.58,0.0,8.219999999999999,-6.031,3.02,2021-11-12,6kZ42qRrzov54LcAk4onW9
Girl At Home (Taylor's Version),Red (Taylor's Version),F,Major,125.089,73.6,69.1,3.675333333333333,4/4,61.199999999999996,0.955,0.00188,10.100000000000001,-6.974,3.26,2021-11-12,6kZ42qRrzov54LcAk4onW9
Fearless (Taylor’s Version),Fearless (Taylor's Version),F,Major,100.118,74.1,56.89999999999999,4.026533333333333,4/4,43.0,1.22,0.0,33.300000000000004,-4.963,2.82,2021-04-09,4hDok0OAJd57SGIT8xuWJH
Fifteen (Taylor’s Version),Fearless (Taylor's Version),G,Major,95.466,64.60000000000001,55.900000000000006,4.906983333333334,4/4,28.9,11.600000000000001,0.0,32.0,-4.61,2.7199999999999998,2021-04-09,4hDok0OAJd57SGIT8xuWJH
Love Story (Taylor’s Version),Fearless (Taylor's Version),D,Major,119.054,79.2,62.7,3.92945,4/4,41.5,13.0,0.000397,8.450000000000001,-4.311,3.1,2021-04-09,4hDok0OAJd57SGIT8xuWJH
Hey Stephen (Taylor’s Version),Fearless (Taylor's Version),F#,Major,115.99,57.099999999999994,78.8,4.237583333333333,4/4,79.7,10.6,0.0,9.34,-6.135,2.96,2021-04-09,4hDok0OAJd57SGIT8xuWJH
White Horse (Taylor’s Version),Fearless (Taylor's Version),C,Major,185.262,51.7,42.3,3.9086,4/4,36.6,36.9,0.0,17.7,-7.377,4.859999999999999,2021-04-09,4hDok0OAJd57SGIT8xuWJH
You Belong With Me (Taylor’s Version),Fearless (Taylor's Version),F#,Major,130.033,77.3,63.2,3.8520666666666665,4/4,47.4,6.23,0.0,8.85,-4.856,3.46,2021-04-09,4hDok0OAJd57SGIT8xuWJH
Breathe (feat. Colbie Caillat) (Taylor’s Version),Fearless (Taylor's Version),C#,Major,148.035,62.6,50.6,4.389616666666667,4/4,32.1,15.6,0.0,22.8,-6.066,2.87,2021-04-09,4hDok0OAJd57SGIT8xuWJH
Tell Me Why (Taylor’s Version),Fearless (Taylor's Version),G,Major,100.023,90.9,57.8,3.3429333333333333,4/4,54.1,2.22,0.0,33.300000000000004,-3.669,6.279999999999999,2021-04-09,4hDok0OAJd57SGIT8xuWJH
You’re Not Sorry (Taylor’s Version),Fearless (Taylor's Version),F#,Major,133.873,44.4,50.6,4.36405,4/4,24.099999999999998,5.38,0.0,12.3,-4.99,2.85,2021-04-09,4hDok0OAJd57SGIT8xuWJH
The Way I Loved You (Taylor’s Version),Fearless (Taylor's Version),F,Major,161.032,73.2,40.2,4.0522833333333335,4/4,47.199999999999996,0.33,0.0,10.8,-4.665,4.84,2021-04-09,4hDok0OAJd57SGIT8xuWJH
Forever & Always (Taylor’s Version),Fearless (Taylor's Version),Bb,Major,128.03,82.1,59.8,3.7554666666666665,4/4,67.30000000000001,2.31,0.0,14.299999999999999,-4.433,4.47,2021-04-09,4hDok0OAJd57SGIT8xuWJH
The Best Day (Taylor’s Version),Fearless (Taylor's Version),C#,Major,125.0,57.599999999999994,64.2,4.088166666666667,4/4,46.9,48.8,0.0,15.9,-8.524,2.82,2021-04-09,4hDok0OAJd57SGIT8xuWJH
Change (Taylor’s Version),Fearless (Taylor's Version),F,Major,95.999,81.5,49.9,4.656,4/4,34.4,0.019100000000000002,0.0,18.099999999999998,-4.063,3.4099999999999997,2021-04-09,4hDok0OAJd57SGIT8xuWJH
Jump Then Fall (Taylor’s Version),Fearless (Taylor's Version),D,Major,160.111,69.0,57.199999999999996,3.9596666666666667,4/4,62.4,4.74,0.0,8.97,-6.201,3.58,2021-04-09,4hDok0OAJd57SGIT8xuWJH
Untouchable (Taylor’s Version),Fearless (Taylor's Version),F,Major,200.391,53.1,39.300000000000004,5.201783333333333,4/4,22.400000000000002,1.81,0.0,16.900000000000002,-6.112,3.29,2021-04-09,4hDok0OAJd57SGIT8xuWJH
Come In With The Rain (Taylor’s Version),Fearless (Taylor's Version),D,Major,143.929,56.39999999999999,47.599999999999994,3.95565,4/4,16.7,4.06,0.0,10.2,-5.677,2.69,2021-04-09,4hDok0OAJd57SGIT8xuWJH
Superstar (Taylor’s Version),Fearless (Taylor's Version),D,Major,171.862,55.50000000000001,45.4,4.39775,4/4,17.1,15.7,0.0,34.300000000000004,-6.69,2.83,2021-04-09,4hDok0OAJd57SGIT8xuWJH
The Other Side Of The Door (Taylor’s Version),Fearless (Taylor's Version),E,Major,163.936,87.3,43.2,3.974066666666667,4/4,62.9,2.79,0.0,16.7,-4.367,5.7700000000000005,2021-04-09,4hDok0OAJd57SGIT8xuWJH
Today Was A Fairytale (Taylor’s Version),Fearless (Taylor's Version),G,Major,158.162,77.9,48.199999999999996,4.030366666666667,4/4,32.800000000000004,1.35,0.0,29.599999999999998,-5.025,4.09,2021-04-09,4hDok0OAJd57SGIT8xuWJH
willow,evermore (deluxe version),G,Major,81.112,57.4,39.2,3.57845,4/4,52.900000000000006,83.3,0.179,14.499999999999998,-9.195,17.0,2021-01-07,6AORtDjduMM3bupSWzbTSG
champagne problems,evermore (deluxe version),C,Major,171.319,24.0,46.2,4.066666666666666,4/4,32.0,92.0,0.0,11.3,-12.077,3.7699999999999996,2021-01-07,6AORtDjduMM3bupSWzbTSG
gold rush,evermore (deluxe version),A,Major,112.05,46.2,51.2,3.0886666666666667,4/4,35.3,83.0,16.6,12.1,-10.491,4.08,2021-01-07,6AORtDjduMM3bupSWzbTSG
‘tis the damn season,evermore (deluxe version),F,Major,145.916,43.4,57.49999999999999,3.8306666666666667,4/4,34.8,73.5,0.00659,10.5,-8.193,3.1199999999999997,2021-01-07,6AORtDjduMM3bupSWzbTSG
tolerate it,evermore (deluxe version),A,Major,74.952,36.1,31.6,4.0906666666666665,5/4,22.1,87.8,0.0026699999999999996,7.969999999999999,-10.381,4.88,2021-01-07,6AORtDjduMM3bupSWzbTSG
"no body, no crime (feat. HAIM)",evermore (deluxe version),G,Minor,79.015,61.3,54.6,3.5937833333333336,4/4,53.5,41.8,0.0,10.299999999999999,-7.589,2.64,2021-01-07,6AORtDjduMM3bupSWzbTSG
happiness,evermore (deluxe version),B,Major,122.079,33.4,55.900000000000006,5.25245,4/4,21.099999999999998,87.0,0.0,11.4,-10.733,3.7600000000000002,2021-01-07,6AORtDjduMM3bupSWzbTSG
dorothea,evermore (deluxe version),E,Major,119.966,48.8,60.5,3.764666666666667,4/4,35.4,69.6,0.0,12.9,-8.322,2.64,2021-01-07,6AORtDjduMM3bupSWzbTSG
coney island (feat. The National),evermore (deluxe version),Ab,Major,107.895,53.7,53.7,4.588666666666667,4/4,29.2,81.89999999999999,0.0904,14.2,-11.266,6.17,2021-01-07,6AORtDjduMM3bupSWzbTSG
ivy,evermore (deluxe version),D,Major,88.856,54.50000000000001,51.5,4.3406666666666665,4/4,53.5,85.5,0.00197,9.21,-9.277,3.53,2021-01-07,6AORtDjduMM3bupSWzbTSG
cowboy like me,evermore (deluxe version),C,Major,127.967,51.7,60.4,4.584,4/4,51.1,76.8,0.0155,12.3,-9.014,3.47,2021-01-07,6AORtDjduMM3bupSWzbTSG
long story short,evermore (deluxe version),C,Major,157.895,73.0,54.6,3.5986666666666665,4/4,57.3,66.0,17.9,9.719999999999999,-7.704,4.17,2021-01-07,6AORtDjduMM3bupSWzbTSG
marjorie,evermore (deluxe version),F,Major,96.103,56.10000000000001,53.5,4.296216666666667,4/4,28.7,87.6,0.0136,11.5,-11.609,4.84,2021-01-07,6AORtDjduMM3bupSWzbTSG
closure,evermore (deluxe version),A,Major,151.884,70.39999999999999,68.89999999999999,3.010883333333333,5/4,92.0,83.5,0.00048300000000000003,13.4,-10.813,24.5,2021-01-07,6AORtDjduMM3bupSWzbTSG
evermore (feat. Bon Iver),evermore (deluxe version),C#,Major,125.177,27.0,39.0,5.06845,5/4,32.0,93.7,0.22699999999999998,11.1,-10.673,3.08,2021-01-07,6AORtDjduMM3bupSWzbTSG
right where you left me - bonus track,evermore (deluxe version),Bb,Major,137.915,61.9,58.099999999999994,4.083783333333334,4/4,64.5,76.9,0.0106,11.700000000000001,-6.524,2.82,2021-01-07,6AORtDjduMM3bupSWzbTSG
it’s time to go - bonus track,evermore (deluxe version),C,Major,151.923,41.0,59.199999999999996,4.244,4/4,41.6,80.10000000000001,0.0013900000000000002,9.0,-12.426,3.9699999999999998,2021-01-07,6AORtDjduMM3bupSWzbTSG
the 1,folklore (deluxe version),C,Major,139.902,36.1,78.0,3.504,4/4,16.3,75.0,0.000714,10.8,-6.942,4.8,2020-08-18,1pzvBxYgT6OVwJLtHkrdQK
cardigan,folklore (deluxe version),C,Minor,130.045,57.99999999999999,61.199999999999996,3.9926666666666666,4/4,53.400000000000006,52.5,0.0414,26.0,-8.572,4.19,2020-08-18,1pzvBxYgT6OVwJLtHkrdQK
the last great american dynasty,folklore (deluxe version),G,Major,147.991,65.3,68.8,3.85,4/4,70.1,48.1,0.414,10.6,-8.558,4.03,2020-08-18,1pzvBxYgT6OVwJLtHkrdQK
exile (feat. Bon Iver),folklore (deluxe version),F#,Major,75.938,37.4,31.0,4.760666666666666,4/4,16.0,76.1,0.0024600000000000004,11.0,-8.464,2.75,2020-08-18,1pzvBxYgT6OVwJLtHkrdQK
my tears ricochet,folklore (deluxe version),C,Major,129.947,26.5,45.6,4.264883333333334,4/4,11.200000000000001,81.39999999999999,0.0,6.79,-10.663,3.2800000000000002,2020-08-18,1pzvBxYgT6OVwJLtHkrdQK
mirrorball,folklore (deluxe version),G,Major,110.137,41.699999999999996,54.900000000000006,3.4828833333333336,4/4,34.699999999999996,68.60000000000001,0.00019,6.04,-10.064,3.5000000000000004,2020-08-18,1pzvBxYgT6OVwJLtHkrdQK
seven,folklore (deluxe version),E,Major,94.955,49.4,60.199999999999996,3.4817833333333335,4/4,37.4,88.8,0.00259,9.02,-10.813,2.77,2020-08-18,1pzvBxYgT6OVwJLtHkrdQK
august,folklore (deluxe version),F,Major,89.567,63.4,38.7,4.365333333333333,4/4,42.0,55.300000000000004,0.00693,9.31,-9.222,3.63,2020-08-18,1pzvBxYgT6OVwJLtHkrdQK
this is me trying,folklore (deluxe version),A,Major,135.882,47.8,51.1,3.2517833333333335,4/4,40.8,31.2,0.0023,14.7,-9.837,3.2199999999999998,2020-08-18,1pzvBxYgT6OVwJLtHkrdQK
illicit affairs,folklore (deluxe version),Bb,Major,119.58,30.4,52.900000000000006,3.18155,4/4,44.0,86.2,0.0,10.8,-10.567,3.56,2020-08-18,1pzvBxYgT6OVwJLtHkrdQK
invisible string,folklore (deluxe version),E,Minor,83.455,45.9,65.10000000000001,4.214666666666667,4/4,45.4,85.9,0.00663,10.5,-11.128,5.07,2020-08-18,1pzvBxYgT6OVwJLtHkrdQK
mad woman,folklore (deluxe version),Eb,Major,141.898,70.0,59.3,3.95445,4/4,45.1,67.0,0.0006770000000000001,11.600000000000001,-9.016,4.92,2020-08-18,1pzvBxYgT6OVwJLtHkrdQK
epiphany,folklore (deluxe version),C#,Major,93.933,25.4,31.7,4.829116666666667,4/4,10.299999999999999,72.7,0.032600000000000004,8.67,-13.679,2.86,2020-08-18,1pzvBxYgT6OVwJLtHkrdQK
betty,folklore (deluxe version),C,Major,95.946,37.6,59.5,4.908666666666667,4/4,47.599999999999994,58.9,0.0,9.89,-8.767,2.56,2020-08-18,1pzvBxYgT6OVwJLtHkrdQK
peace,folklore (deluxe version),F,Major,150.072,28.4,64.4,3.9,4/4,32.800000000000004,91.60000000000001,0.0015,9.09,-12.879,8.21,2020-08-18,1pzvBxYgT6OVwJLtHkrdQK
hoax,folklore (deluxe version),Ab,Major,118.84,17.8,67.60000000000001,3.667333333333333,4/4,40.400000000000006,96.39999999999999,0.00079,13.5,-15.01,3.94,2020-08-18,1pzvBxYgT6OVwJLtHkrdQK
the lakes - bonus track,folklore (deluxe version),D,Major,179.947,25.8,31.3,3.5302166666666666,4/4,26.8,84.2,0.00013000000000000002,9.48,-11.532,3.83,2020-08-18,1pzvBxYgT6OVwJLtHkrdQK
I Forgot That You Existed,Lover,F,Major,92.875,31.6,66.4,2.844,4/4,54.1,29.799999999999997,0.000203,8.12,-10.345,51.9,2019-08-23,1NAmidJlEaVgA3MpcPFYGq
Cruel Summer,Lover,A,Major,169.994,70.19999999999999,55.2,2.9737833333333334,4/4,56.39999999999999,11.700000000000001,0.0020599999999999998,10.5,-5.707,15.7,2019-08-23,1NAmidJlEaVgA3MpcPFYGq
Lover,Lover,G,Major,68.534,54.300000000000004,35.9,3.68845,4/4,45.300000000000004,49.2,0.00158,11.799999999999999,-7.582,9.19,2019-08-23,1NAmidJlEaVgA3MpcPFYGq
The Man,Lover,C,Major,110.048,65.8,77.7,3.1726666666666667,4/4,63.3,7.670000000000001,0.0,9.01,-5.191,5.4,2019-08-23,1NAmidJlEaVgA3MpcPFYGq
The Archer,Lover,C,Major,124.344,57.4,29.2,3.5206666666666666,4/4,16.6,12.0,0.569,6.63,-9.375,4.01,2019-08-23,1NAmidJlEaVgA3MpcPFYGq
I Think He Knows,Lover,C,Major,100.003,36.6,89.7,2.8897833333333334,4/4,41.6,0.889,0.0353,7.1499999999999995,-8.029,5.6899999999999995,2019-08-23,1NAmidJlEaVgA3MpcPFYGq
Miss Americana & The Heartbreak Prince,Lover,B,Minor,150.088,74.7,66.2,3.90245,4/4,48.699999999999996,2.8000000000000003,0.615,13.8,-6.926,7.359999999999999,2019-08-23,1NAmidJlEaVgA3MpcPFYGq
Paper Rings,Lover,A,Major,103.979,71.89999999999999,81.10000000000001,3.7066666666666666,4/4,86.5,1.29,0.00136,7.42,-6.553,4.97,2019-08-23,1NAmidJlEaVgA3MpcPFYGq
Cornelia Street,Lover,C,Major,102.012,62.4,82.39999999999999,4.7877833333333335,4/4,24.8,78.10000000000001,0.0189,10.0,-9.728,8.27,2019-08-23,1NAmidJlEaVgA3MpcPFYGq
Death By A Thousand Cuts,Lover,E,Major,94.071,73.2,71.2,3.308883333333333,4/4,31.3,45.4,0.0,31.900000000000002,-6.754,6.29,2019-08-23,1NAmidJlEaVgA3MpcPFYGq
London Boy,Lover,C#,Major,157.925,71.0,69.5,3.1706666666666665,4/4,55.7,2.46,0.0104,13.3,-6.639,5.0,2019-08-23,1NAmidJlEaVgA3MpcPFYGq
Soon You’ll Get Better (feat. The Chicks),Lover,C,Major,207.476,18.2,43.3,3.359783333333333,4/4,42.1,90.7,0.0,12.3,-12.566,6.41,2019-08-23,1NAmidJlEaVgA3MpcPFYGq
False God,Lover,B,Minor,79.97,32.0,73.9,3.33845,4/4,35.099999999999994,73.6,0.0147,11.1,-10.862,23.9,2019-08-23,1NAmidJlEaVgA3MpcPFYGq
You Need To Calm Down,Lover,D,Major,85.026,67.10000000000001,77.10000000000001,2.856,4/4,71.39999999999999,0.9289999999999999,0.0,6.370000000000001,-5.617,5.53,2019-08-23,1NAmidJlEaVgA3MpcPFYGq
Afterglow,Lover,A,Major,111.011,44.9,75.6,3.72155,4/4,39.900000000000006,13.0,0.0,11.4,-8.746,3.44,2019-08-23,1NAmidJlEaVgA3MpcPFYGq
ME! (feat. Brendon Urie of Panic! At The Disco),Lover,C,Major,182.162,83.0,61.0,3.216666666666667,4/4,72.8,3.3000000000000003,0.0,11.799999999999999,-4.105,5.71,2019-08-23,1NAmidJlEaVgA3MpcPFYGq
It’s Nice To Have A Friend,Lover,Bb,Major,70.008,17.5,73.7,2.5073333333333334,4/4,54.50000000000001,97.1,0.0337,17.1,-9.912,4.01,2019-08-23,1NAmidJlEaVgA3MpcPFYGq
Daylight,Lover,C,Major,149.983,49.6,55.7,4.890883333333333,4/4,26.5,80.80000000000001,0.0173,7.720000000000001,-9.602,5.63,2019-08-23,1NAmidJlEaVgA3MpcPFYGq
...Ready For It?,reputation,D,Major,160.015,76.4,61.3,3.4697833333333334,4/4,41.699999999999996,5.27,0.0,19.7,-6.509,13.600000000000001,2017-11-10,6DEjYFkNZh67HP7R9PSZvv
End Game,reputation,D,Major,159.073,58.9,64.9,4.08045,4/4,15.1,0.845,0.0,10.8,-6.237,5.58,2017-11-10,6DEjYFkNZh67HP7R9PSZvv
I Did Something Bad,reputation,C,Minor,82.989,60.199999999999996,69.6,3.9708833333333335,4/4,30.5,6.79,0.0021100000000000003,6.959999999999999,-6.156,15.9,2017-11-10,6DEjYFkNZh67HP7R9PSZvv
Don’t Blame Me,reputation,A,Minor,135.917,53.400000000000006,61.5,3.9402166666666667,4/4,19.3,10.6,0.00176,6.069999999999999,-6.719,3.8600000000000003,2017-11-10,6DEjYFkNZh67HP7R9PSZvv
Delicate,reputation,A,Minor,95.045,40.400000000000006,75.0,3.8708833333333335,4/4,4.99,21.6,0.0357,9.11,-10.178,6.819999999999999,2017-11-10,6DEjYFkNZh67HP7R9PSZvv
Look What You Made Me Do,reputation,A,Minor,128.07,70.89999999999999,76.6,3.530883333333333,4/4,50.6,20.4,0.00141,12.6,-6.471,12.3,2017-11-10,6DEjYFkNZh67HP7R9PSZvv
So It Goes...,reputation,D,Major,74.957,61.0,57.4,3.79845,4/4,37.4,12.2,0.00011,13.0,-7.283,7.32,2017-11-10,6DEjYFkNZh67HP7R9PSZvv
Gorgeous,reputation,G,Major,92.027,53.5,80.0,3.494666666666667,4/4,45.1,7.13,0.0009480000000000001,21.3,-6.684,13.5,2017-11-10,6DEjYFkNZh67HP7R9PSZvv
Getaway Car,reputation,D,Major,172.054,68.89999999999999,56.2,3.8937833333333334,4/4,35.099999999999994,0.46499999999999997,0.00022299999999999997,8.88,-6.745,12.7,2017-11-10,6DEjYFkNZh67HP7R9PSZvv
King Of My Heart,reputation,C,Major,110.01,70.3,67.5,3.572,4/4,31.4,0.882,0.000221,3.91,-7.902,3.82,2017-11-10,6DEjYFkNZh67HP7R9PSZvv
Dancing With Our Hands Tied,reputation,C,Minor,160.024,69.1,62.4,3.5251166666666665,4/4,28.4,6.04,0.0011,13.8,-6.686,19.6,2017-11-10,6DEjYFkNZh67HP7R9PSZvv
Dress,reputation,C,Major,120.085,46.9,71.89999999999999,3.83955,4/4,8.51,3.29,0.0,16.900000000000002,-8.792,5.33,2017-11-10,6DEjYFkNZh67HP7R9PSZvv
This Is Why We Can't Have Nice Things,reputation,F,Major,163.96,78.9,56.699999999999996,3.4522166666666667,4/4,43.8,1.5599999999999998,0.0,38.2,-5.986,11.5,2017-11-10,6DEjYFkNZh67HP7R9PSZvv
Call It What You Want,reputation,A,Major,163.954,50.4,59.8,3.391783333333333,4/4,25.2,18.6,0.0221,34.0,-9.874,7.31,2017-11-10,6DEjYFkNZh67HP7R9PSZvv
New Year’s Day,reputation,C,Major,94.922,15.1,66.10000000000001,3.92445,4/4,23.0,92.10000000000001,0.0,13.0,-12.864,3.54,2017-11-10,6DEjYFkNZh67HP7R9PSZvv
Tim McGraw,Taylor Swift,C,Major,76.009,49.1,57.99999999999999,3.86845,4/4,42.5,57.49999999999999,0.0,12.1,-6.462,2.5100000000000002,2006-10-24,5eyZZoQEFQWRHkV2xgAeBw
Picture To Burn,Taylor Swift,G,Major,105.586,87.7,65.8,2.88445,4/4,82.1,17.299999999999997,0.0,9.62,-2.098,3.2300000000000004,2006-10-24,5eyZZoQEFQWRHkV2xgAeBw
Teardrops On My Guitar - Radio Single Remix,Taylor Swift,Bb,Major,99.953,41.699999999999996,62.1,3.384,4/4,28.9,28.799999999999997,0.0,11.899999999999999,-6.941,2.31,2006-10-24,5eyZZoQEFQWRHkV2xgAeBw
A Place in this World,Taylor Swift,A,Major,115.028,77.7,57.599999999999994,3.32,4/4,42.8,5.1,0.0,32.0,-2.881,3.2399999999999998,2006-10-24,5eyZZoQEFQWRHkV2xgAeBw
Cold As You,Taylor Swift,F,Major,175.558,48.199999999999996,41.8,3.98355,4/4,26.1,21.7,0.0,12.3,-5.769,2.6599999999999997,2006-10-24,5eyZZoQEFQWRHkV2xgAeBw
The Outside,Taylor Swift,F,Major,112.982,80.5,58.9,3.451783333333333,4/4,59.099999999999994,0.49100000000000005,0.0,24.0,-4.055,2.93,2006-10-24,5eyZZoQEFQWRHkV2xgAeBw
Tied Together with a Smile,Taylor Swift,D,Major,146.165,57.8,47.9,4.135116666666667,4/4,19.2,52.5,0.0,8.41,-4.963,2.94,2006-10-24,5eyZZoQEFQWRHkV2xgAeBw
Stay Beautiful,Taylor Swift,Ab,Major,131.597,62.9,59.4,3.9342166666666665,4/4,50.4,8.68,0.0,13.700000000000001,-4.919,2.46,2006-10-24,5eyZZoQEFQWRHkV2xgAeBw
Should've Said No,Taylor Swift,E,Minor,167.964,77.7,47.599999999999994,4.036666666666667,4/4,47.199999999999996,1.03,0.0,19.6,-3.771,2.8899999999999997,2006-10-24,5eyZZoQEFQWRHkV2xgAeBw
Mary's Song (Oh My My My),Taylor Swift,D,Major,74.9,62.7,40.300000000000004,3.5513333333333335,4/4,37.4,1.77,0.0,18.2,-5.28,2.92,2006-10-24,5eyZZoQEFQWRHkV2xgAeBw
Our Song,Taylor Swift,D,Major,89.011,67.2,66.8,3.351783333333333,4/4,53.900000000000006,11.1,0.0,32.9,-4.931,3.0300000000000002,2006-10-24,5eyZZoQEFQWRHkV2xgAeBw
I'm Only Me When I'm With You,Taylor Swift,Ab,Major,143.964,93.4,56.3,3.550883333333333,4/4,51.800000000000004,0.45199999999999996,0.0807,10.299999999999999,-3.629,6.460000000000001,2006-10-24,5eyZZoQEFQWRHkV2xgAeBw
Invisible,Taylor Swift,G,Major,96.001,39.4,61.199999999999996,3.3871166666666666,4/4,23.3,63.7,0.0,14.7,-5.723,2.4299999999999997,2006-10-24,5eyZZoQEFQWRHkV2xgAeBw
A Perfectly Good Heart,Taylor Swift,E,Major,156.092,75.1,48.3,3.6691166666666666,4/4,26.8,0.349,0.0,12.8,-5.726,3.65,2006-10-24,5eyZZoQEFQWRHkV2xgAeBw
Teardrops on My Guitar - Pop Version,Taylor Swift,Bb,Major,199.997,75.3,45.9,2.98445,4/4,48.3,4.02,0.0,8.63,-3.827,5.37,2006-10-24,5eyZZoQEFQWRHkV2xgAeBw
You’re Losing Me (From The Vault),Midnights (The Til Dawn Edition),C,Major,102.984,39.1,74.7,4.630533333333333,4/4,19.5,52.900000000000006,0.3,11.1,-13.767,5.2,2023-11-29,5q3jthpn2h59P7pe2gmAl7
Carolina - From The Motion Picture “Where The Crawdads Sing”,Other,B,Minor,115.851,18.9,47.599999999999994,4.4073166666666665,4/4,32.4,90.4,0.000452,25.4,-13.777,3.29,2022-06-24,5Bwg2XxrjTlrNy6BC7KQZf
The Joker And The Queen (feat. Taylor Swift),Other,C,Major,133.83,30.9,52.800000000000004,3.0903666666666667,4/4,30.7,92.4,0.00020999999999999998,28.199999999999996,-7.398,3.29,2022-02-11,0vkAczpFKCazPKaoLtnBr0
Safe & Sound (feat. Joy Williams and John Paul White) (Taylor’s Version),Red (Taylor's Version),G,Major,144.641,32.2,40.6,3.994466666666667,4/4,24.4,77.10000000000001,0.000377,7.359999999999999,-10.953,2.79,2021-11-12,1qEs8XpGGduMUF7jfAs5l3
Eyes Open (Taylor's Version),Red (Taylor's Version),G,Major,137.048,77.3,56.599999999999994,4.0544,4/4,25.6,0.0818,0.10300000000000001,18.4,-6.976,3.56,2021-11-12,6AeF9IkXFpHz5H3wUNX3L3
Renegade - Pop Version,Other,C,Major,167.949,72.6,34.1,3.8587833333333332,4/4,63.0,31.5,0.00627,9.48,-7.271,6.99,2021-08-17,49yiYOnz2UyaNl72xvDERt
If This Was A Movie (Taylor’s Version),Fearless (Taylor's Version),E,Major,147.854,70.1,47.199999999999996,3.9503666666666666,4/4,30.4,9.1,0.0,23.0,-3.72,2.79,2021-04-09,6IZm7NfvWyXp952VF36Z5F
Only The Young - Featured in Miss Americana,Other,F,Minor,93.516,78.0,56.00000000000001,2.6251166666666665,4/4,60.199999999999996,0.244,0.0,7.140000000000001,-4.895,5.17,2020-01-31,5LGsh3kexUfi3qkIIxb8vK
Christmas Tree Farm,Other,G,Major,134.002,68.0,59.8,3.80045,4/4,43.7,6.0,0.0,32.4,-4.505,3.3099999999999996,2019-12-06,5JnnrTE35MQagEnEkFthiF
All Of The Girls You Loved Before,Lover,D,Major,95.96,46.7,71.8,3.6901166666666665,3/4,39.6,70.7,0.00692,12.6,-9.66,3.9800000000000004,2019-08-23,1Uauz6ql2dIPvIOH4JiuhD
"Sweeter Than Fiction - From ""One Chance"" Soundtrack",Other,F#,Major,135.012,61.4,71.0,3.9606666666666666,4/4,67.30000000000001,0.164,0.0154,7.85,-6.965,3.66,2013-10-21,11e4xCXllbvk8pWc1cCas1
